-- phpMyAdmin SQL Dump
-- version 3.5.3
-- http://www.phpmyadmin.net
--
-- Host: localhost
-- Generation Time: Jan 13, 2013 at 03:12 PM
-- Server version: 5.5.28
-- PHP Version: 5.4.10

SET SQL_MODE="NO_AUTO_VALUE_ON_ZERO";
SET time_zone = "+00:00";


/*!40101 SET @OLD_CHARACTER_SET_CLIENT=@@CHARACTER_SET_CLIENT */;
/*!40101 SET @OLD_CHARACTER_SET_RESULTS=@@CHARACTER_SET_RESULTS */;
/*!40101 SET @OLD_COLLATION_CONNECTION=@@COLLATION_CONNECTION */;
/*!40101 SET NAMES utf8 */;

--
-- Database: `calendar`
--

-- --------------------------------------------------------

--
-- Table structure for table `categories`
--

CREATE TABLE IF NOT EXISTS `categories` (
  `category_id` int(11) NOT NULL AUTO_INCREMENT,
  `category_name` varchar(50) NOT NULL,
  `created` timestamp NOT NULL DEFAULT CURRENT_TIMESTAMP,
  PRIMARY KEY (`category_id`)
) ENGINE=InnoDB  DEFAULT CHARSET=latin1 AUTO_INCREMENT=4 ;

--
-- Dumping data for table `categories`
--

INSERT INTO `categories` (`category_id`, `category_name`, `created`) VALUES
(1, 'Debit', '2012-11-26 14:56:45'),
(2, 'Loan', '2012-11-28 15:17:18'),
(3, 'Over Expense', '2012-11-28 15:17:51');

-- --------------------------------------------------------

--
-- Table structure for table `category_taxonomy`
--

CREATE TABLE IF NOT EXISTS `category_taxonomy` (
  `ctax_id` int(11) NOT NULL AUTO_INCREMENT,
  `transaction_id` int(11) NOT NULL,
  `category_id` int(11) NOT NULL,
  `created` timestamp NOT NULL DEFAULT CURRENT_TIMESTAMP,
  PRIMARY KEY (`ctax_id`),
  KEY `transaction_id` (`transaction_id`,`category_id`)
) ENGINE=InnoDB  DEFAULT CHARSET=latin1 AUTO_INCREMENT=225 ;

--
-- Dumping data for table `category_taxonomy`
--

INSERT INTO `category_taxonomy` (`ctax_id`, `transaction_id`, `category_id`, `created`) VALUES
(1, 1, 1, '2012-11-28 11:42:03'),
(2, 2, 1, '2012-11-28 15:18:08'),
(5, 5, 1, '2012-11-30 21:38:17'),
(6, 6, 1, '2012-11-30 21:38:17'),
(7, 7, 1, '2012-11-30 21:38:18'),
(9, 9, 1, '2012-11-30 21:38:18'),
(10, 10, 1, '2012-11-30 21:38:18'),
(11, 11, 1, '2012-11-30 21:38:19'),
(12, 12, 1, '2012-11-30 21:38:19'),
(13, 13, 1, '2012-11-30 21:38:19'),
(14, 14, 1, '2012-11-30 21:38:20'),
(15, 15, 1, '2012-11-30 21:38:20'),
(16, 16, 1, '2012-11-30 21:38:20'),
(17, 17, 1, '2012-11-30 21:38:20'),
(18, 18, 1, '2012-11-30 21:38:21'),
(19, 19, 1, '2012-11-30 21:38:21'),
(20, 20, 1, '2012-11-30 21:38:21'),
(21, 21, 1, '2012-11-30 21:38:22'),
(23, 23, 1, '2012-11-30 21:38:22'),
(24, 24, 1, '2012-11-30 21:38:22'),
(25, 25, 1, '2012-11-30 21:38:22'),
(26, 26, 1, '2012-11-30 21:38:23'),
(27, 27, 1, '2012-11-30 21:38:23'),
(28, 28, 1, '2012-11-30 21:38:23'),
(29, 29, 1, '2012-11-30 21:38:24'),
(30, 30, 1, '2012-11-30 21:38:24'),
(31, 31, 1, '2012-11-30 21:38:24'),
(32, 32, 1, '2012-11-30 21:38:24'),
(33, 33, 1, '2012-11-30 21:38:25'),
(34, 34, 1, '2012-11-30 21:38:25'),
(35, 35, 1, '2012-11-30 21:38:25'),
(36, 36, 1, '2012-11-30 21:38:25'),
(37, 37, 1, '2012-11-30 21:38:26'),
(38, 38, 1, '2012-11-30 21:38:26'),
(39, 39, 1, '2012-11-30 21:38:26'),
(40, 40, 1, '2012-11-30 21:38:26'),
(41, 41, 1, '2012-11-30 21:38:27'),
(42, 42, 1, '2012-11-30 21:38:27'),
(43, 43, 1, '2012-11-30 21:38:28'),
(44, 44, 1, '2012-11-30 21:38:28'),
(45, 45, 1, '2012-11-30 21:38:28'),
(46, 46, 1, '2012-11-30 21:38:29'),
(47, 47, 1, '2012-11-30 21:38:29'),
(48, 48, 1, '2012-11-30 21:38:29'),
(49, 49, 1, '2012-11-30 21:38:29'),
(50, 50, 1, '2012-11-30 21:38:30'),
(51, 51, 1, '2012-11-30 21:38:30'),
(52, 52, 1, '2012-11-30 21:38:30'),
(53, 53, 1, '2012-11-30 21:38:30'),
(54, 54, 1, '2012-11-30 21:38:31'),
(55, 55, 1, '2012-11-30 21:38:31'),
(56, 56, 1, '2012-11-30 21:38:31'),
(58, 58, 1, '2012-11-30 21:38:32'),
(59, 61, 1, '2012-12-02 12:42:26'),
(60, 62, 1, '2012-12-02 12:44:27'),
(61, 64, 2, '2012-12-02 18:12:54'),
(62, 64, 3, '2012-12-02 18:12:54'),
(66, 62, 1, '2012-12-05 20:25:25'),
(67, 62, 1, '2012-12-05 20:25:46'),
(68, 7, 1, '2012-12-05 21:33:43'),
(73, 8, 1, '2012-12-05 21:43:08'),
(75, 57, 1, '2012-12-05 21:45:20'),
(76, 22, 1, '2012-12-05 21:45:43'),
(80, 4, 3, '2012-12-08 10:48:27'),
(81, 65, 1, '2012-12-08 12:30:05'),
(82, 66, 1, '2012-12-08 12:30:05'),
(83, 67, 1, '2012-12-08 12:30:05'),
(84, 68, 1, '2012-12-08 12:30:06'),
(85, 69, 1, '2012-12-08 12:30:06'),
(86, 70, 1, '2012-12-08 12:30:06'),
(87, 71, 1, '2012-12-08 12:30:06'),
(88, 72, 1, '2012-12-08 12:30:07'),
(89, 73, 1, '2012-12-08 12:30:07'),
(90, 74, 1, '2012-12-08 12:30:07'),
(91, 75, 1, '2012-12-08 12:30:07'),
(92, 76, 1, '2012-12-08 12:30:08'),
(93, 77, 1, '2012-12-08 12:30:08'),
(94, 78, 1, '2012-12-08 12:30:08'),
(95, 79, 1, '2012-12-08 12:30:09'),
(96, 80, 1, '2012-12-08 12:30:09'),
(97, 81, 1, '2012-12-08 12:30:09'),
(98, 82, 1, '2012-12-08 12:30:09'),
(99, 83, 1, '2012-12-08 12:30:10'),
(100, 84, 1, '2012-12-08 12:30:10'),
(101, 85, 1, '2012-12-08 12:30:10'),
(102, 86, 1, '2012-12-08 12:30:10'),
(103, 87, 1, '2012-12-08 12:30:11'),
(104, 88, 1, '2012-12-08 12:30:11'),
(105, 89, 1, '2012-12-08 12:30:11'),
(106, 90, 1, '2012-12-08 12:30:11'),
(107, 91, 1, '2012-12-08 12:30:12'),
(108, 92, 1, '2012-12-08 12:30:12'),
(109, 93, 1, '2012-12-08 12:30:12'),
(110, 94, 1, '2012-12-08 12:30:12'),
(111, 95, 1, '2012-12-08 12:30:13'),
(112, 96, 1, '2012-12-08 12:30:13'),
(113, 97, 1, '2012-12-08 12:30:13'),
(114, 98, 1, '2012-12-08 12:30:13'),
(115, 99, 1, '2012-12-08 12:30:14'),
(116, 100, 1, '2012-12-08 12:30:14'),
(117, 101, 1, '2012-12-08 12:30:14'),
(118, 102, 1, '2012-12-08 12:30:15'),
(119, 103, 1, '2012-12-08 12:30:15'),
(120, 104, 1, '2012-12-08 12:30:15'),
(121, 105, 1, '2012-12-08 12:30:16'),
(122, 106, 1, '2012-12-08 12:30:16'),
(123, 107, 1, '2012-12-08 12:30:16'),
(124, 108, 1, '2012-12-08 12:30:16'),
(125, 109, 1, '2012-12-08 12:30:17'),
(126, 110, 1, '2012-12-08 12:30:17'),
(127, 111, 1, '2012-12-08 12:30:17'),
(128, 112, 1, '2012-12-08 12:30:17'),
(129, 113, 1, '2012-12-08 12:30:18'),
(130, 114, 1, '2012-12-08 12:30:18'),
(131, 115, 1, '2012-12-08 12:30:18'),
(132, 116, 1, '2012-12-08 12:30:19'),
(133, 117, 1, '2012-12-08 12:30:19'),
(134, 118, 1, '2012-12-08 12:30:19'),
(135, 119, 1, '2012-12-08 12:30:19'),
(136, 120, 1, '2012-12-08 12:30:20'),
(137, 121, 1, '2012-12-08 12:30:20'),
(138, 122, 1, '2012-12-08 12:30:20'),
(139, 123, 1, '2012-12-08 12:30:21'),
(140, 124, 1, '2012-12-08 12:30:21'),
(141, 125, 1, '2012-12-08 12:30:21'),
(142, 126, 1, '2012-12-08 12:30:21'),
(143, 127, 1, '2012-12-08 12:30:22'),
(144, 128, 1, '2012-12-08 12:30:22'),
(145, 129, 1, '2012-12-08 12:30:22'),
(146, 130, 1, '2012-12-08 12:30:22'),
(147, 131, 1, '2012-12-08 12:30:22'),
(148, 132, 1, '2012-12-08 12:30:23'),
(149, 133, 1, '2012-12-08 12:30:23'),
(150, 134, 1, '2012-12-08 12:30:23'),
(151, 135, 3, '2012-12-14 17:53:15'),
(152, 3, 1, '2012-12-22 12:14:08'),
(154, 137, 1, '2012-12-28 13:56:35'),
(155, 138, 1, '2012-12-28 13:56:35'),
(156, 139, 1, '2012-12-28 13:56:35'),
(157, 140, 1, '2012-12-28 13:56:36'),
(158, 141, 1, '2012-12-28 13:56:36'),
(159, 142, 1, '2012-12-28 13:56:36'),
(160, 143, 1, '2012-12-28 13:56:36'),
(161, 144, 1, '2012-12-28 13:56:37'),
(163, 146, 1, '2012-12-28 13:56:37'),
(164, 147, 1, '2012-12-28 13:56:37'),
(165, 148, 1, '2012-12-28 13:56:38'),
(166, 149, 1, '2012-12-28 13:56:38'),
(167, 150, 1, '2012-12-28 13:56:38'),
(168, 151, 1, '2012-12-28 13:56:38'),
(169, 152, 1, '2012-12-28 13:56:39'),
(170, 153, 1, '2012-12-28 13:56:39'),
(171, 154, 1, '2012-12-28 13:56:39'),
(172, 155, 1, '2012-12-28 13:56:40'),
(173, 156, 1, '2012-12-28 13:56:40'),
(174, 157, 1, '2012-12-28 13:56:40'),
(175, 158, 1, '2012-12-28 13:56:40'),
(176, 159, 1, '2012-12-28 13:56:41'),
(177, 160, 1, '2012-12-28 13:56:41'),
(178, 161, 1, '2012-12-28 13:56:41'),
(179, 162, 1, '2012-12-28 13:56:42'),
(180, 163, 1, '2012-12-28 13:56:42'),
(181, 164, 1, '2012-12-28 13:56:42'),
(182, 165, 1, '2012-12-28 13:56:42'),
(183, 166, 1, '2012-12-28 13:56:43'),
(184, 167, 1, '2012-12-28 13:56:43'),
(185, 168, 1, '2012-12-28 13:56:43'),
(186, 169, 1, '2012-12-28 13:56:43'),
(187, 170, 1, '2012-12-28 13:56:44'),
(188, 171, 1, '2012-12-28 13:56:44'),
(189, 172, 1, '2012-12-28 13:56:44'),
(190, 173, 1, '2012-12-28 13:56:44'),
(191, 174, 1, '2012-12-28 13:56:45'),
(192, 175, 1, '2012-12-28 13:56:45'),
(193, 176, 1, '2012-12-28 13:56:45'),
(194, 177, 1, '2012-12-28 13:56:46'),
(195, 178, 1, '2012-12-28 13:56:46'),
(196, 179, 1, '2012-12-28 13:56:46'),
(197, 180, 1, '2012-12-28 13:56:47'),
(198, 181, 1, '2012-12-28 13:56:47'),
(199, 182, 1, '2012-12-28 13:56:47'),
(200, 183, 1, '2012-12-28 13:56:47'),
(201, 184, 1, '2012-12-28 13:56:48'),
(202, 185, 1, '2012-12-28 13:56:48'),
(203, 186, 1, '2012-12-28 13:56:48'),
(204, 187, 1, '2012-12-28 13:56:48'),
(205, 188, 1, '2012-12-28 13:56:49'),
(206, 189, 1, '2012-12-28 13:56:49'),
(207, 190, 1, '2012-12-28 13:56:49'),
(208, 191, 1, '2012-12-28 13:56:49'),
(209, 192, 1, '2012-12-28 13:56:50'),
(210, 193, 1, '2012-12-28 13:56:50'),
(211, 194, 1, '2012-12-28 13:56:50'),
(212, 195, 1, '2012-12-28 13:56:50'),
(213, 196, 1, '2012-12-28 13:56:51'),
(214, 197, 1, '2012-12-28 13:56:51'),
(215, 198, 1, '2012-12-28 13:56:51'),
(216, 199, 1, '2012-12-28 13:56:52'),
(217, 200, 1, '2012-12-28 13:56:52'),
(218, 201, 1, '2012-12-28 13:56:52'),
(219, 202, 1, '2012-12-28 13:56:52'),
(220, 203, 1, '2012-12-28 13:56:53'),
(221, 204, 1, '2012-12-28 13:56:53'),
(222, 205, 1, '2012-12-28 13:56:53'),
(223, 136, 1, '2013-01-12 11:51:43'),
(224, 145, 1, '2013-01-12 12:08:51');

-- --------------------------------------------------------

--
-- Table structure for table `dates`
--

CREATE TABLE IF NOT EXISTS `dates` (
  `date_id` int(255) NOT NULL AUTO_INCREMENT,
  `date_key` varchar(8) NOT NULL,
  `created` timestamp NOT NULL DEFAULT CURRENT_TIMESTAMP,
  PRIMARY KEY (`date_id`),
  KEY `date_key` (`date_key`)
) ENGINE=InnoDB  DEFAULT CHARSET=latin1 AUTO_INCREMENT=99 ;

--
-- Dumping data for table `dates`
--

INSERT INTO `dates` (`date_id`, `date_key`, `created`) VALUES
(1, '20121130', '2012-11-30 21:38:16'),
(2, '20121201', '2012-11-30 21:38:17'),
(3, '20121202', '2012-11-30 21:38:18'),
(4, '20121203', '2012-11-30 21:38:18'),
(5, '20121204', '2012-11-30 21:38:19'),
(6, '20121205', '2012-11-30 21:38:19'),
(7, '20121206', '2012-11-30 21:38:20'),
(8, '20121207', '2012-11-30 21:38:20'),
(9, '20121208', '2012-11-30 21:38:21'),
(10, '20121209', '2012-11-30 21:38:21'),
(11, '20121210', '2012-11-30 21:38:22'),
(12, '20121211', '2012-11-30 21:38:22'),
(13, '20121212', '2012-11-30 21:38:23'),
(14, '20121213', '2012-11-30 21:38:23'),
(15, '20121214', '2012-11-30 21:38:24'),
(16, '20121215', '2012-11-30 21:38:24'),
(17, '20121216', '2012-11-30 21:38:25'),
(18, '20121217', '2012-11-30 21:38:25'),
(19, '20121218', '2012-11-30 21:38:26'),
(20, '20121219', '2012-11-30 21:38:26'),
(21, '20121220', '2012-11-30 21:38:28'),
(22, '20121221', '2012-11-30 21:38:28'),
(23, '20121222', '2012-11-30 21:38:29'),
(24, '20121223', '2012-11-30 21:38:29'),
(25, '20121224', '2012-11-30 21:38:30'),
(26, '20121225', '2012-11-30 21:38:30'),
(27, '20121226', '2012-11-30 21:38:31'),
(28, '20121227', '2012-11-30 21:38:31'),
(29, '19991126', '2012-12-08 12:30:05'),
(30, '19991127', '2012-12-08 12:30:05'),
(31, '19991128', '2012-12-08 12:30:06'),
(32, '19991129', '2012-12-08 12:30:06'),
(33, '19991130', '2012-12-08 12:30:07'),
(34, '19991201', '2012-12-08 12:30:07'),
(35, '19991202', '2012-12-08 12:30:08'),
(36, '19991203', '2012-12-08 12:30:08'),
(37, '19991204', '2012-12-08 12:30:09'),
(38, '19991205', '2012-12-08 12:30:09'),
(39, '19991206', '2012-12-08 12:30:10'),
(40, '19991207', '2012-12-08 12:30:10'),
(41, '19991208', '2012-12-08 12:30:11'),
(42, '19991209', '2012-12-08 12:30:12'),
(43, '19991210', '2012-12-08 12:30:12'),
(44, '19991211', '2012-12-08 12:30:13'),
(45, '19991212', '2012-12-08 12:30:13'),
(46, '19991213', '2012-12-08 12:30:14'),
(47, '19991214', '2012-12-08 12:30:14'),
(48, '19991215', '2012-12-08 12:30:15'),
(49, '19991216', '2012-12-08 12:30:15'),
(50, '19991217', '2012-12-08 12:30:16'),
(51, '19991218', '2012-12-08 12:30:17'),
(52, '19991219', '2012-12-08 12:30:17'),
(53, '19991220', '2012-12-08 12:30:18'),
(54, '19991221', '2012-12-08 12:30:18'),
(55, '19991222', '2012-12-08 12:30:19'),
(56, '19991223', '2012-12-08 12:30:19'),
(57, '19991224', '2012-12-08 12:30:20'),
(58, '19991225', '2012-12-08 12:30:20'),
(59, '19991226', '2012-12-08 12:30:21'),
(60, '19991227', '2012-12-08 12:30:21'),
(61, '19991228', '2012-12-08 12:30:22'),
(62, '19991229', '2012-12-08 12:30:22'),
(63, '19991230', '2012-12-08 12:30:23'),
(64, '20121228', '2012-12-28 13:56:34'),
(65, '20121229', '2012-12-28 13:56:35'),
(66, '20121230', '2012-12-28 13:56:36'),
(67, '20121231', '2012-12-28 13:56:36'),
(68, '20130101', '2012-12-28 13:56:37'),
(69, '20130102', '2012-12-28 13:56:37'),
(70, '20130103', '2012-12-28 13:56:38'),
(71, '20130104', '2012-12-28 13:56:38'),
(72, '20130105', '2012-12-28 13:56:39'),
(73, '20130106', '2012-12-28 13:56:39'),
(74, '20130107', '2012-12-28 13:56:40'),
(75, '20130108', '2012-12-28 13:56:40'),
(76, '20130109', '2012-12-28 13:56:41'),
(77, '20130110', '2012-12-28 13:56:41'),
(78, '20130111', '2012-12-28 13:56:42'),
(79, '20130112', '2012-12-28 13:56:42'),
(80, '20130113', '2012-12-28 13:56:43'),
(81, '20130114', '2012-12-28 13:56:43'),
(82, '20130115', '2012-12-28 13:56:44'),
(83, '20130116', '2012-12-28 13:56:45'),
(84, '20130117', '2012-12-28 13:56:45'),
(85, '20130118', '2012-12-28 13:56:46'),
(86, '20130119', '2012-12-28 13:56:46'),
(87, '20130120', '2012-12-28 13:56:47'),
(88, '20130121', '2012-12-28 13:56:47'),
(89, '20130122', '2012-12-28 13:56:48'),
(90, '20130123', '2012-12-28 13:56:48'),
(91, '20130124', '2012-12-28 13:56:49'),
(92, '20130125', '2012-12-28 13:56:49'),
(93, '20130126', '2012-12-28 13:56:50'),
(94, '20130127', '2012-12-28 13:56:51'),
(95, '20130128', '2012-12-28 13:56:51'),
(96, '20130129', '2012-12-28 13:56:52'),
(97, '20130130', '2012-12-28 13:56:52'),
(98, '20130131', '2012-12-28 13:56:53');

-- --------------------------------------------------------

--
-- Table structure for table `date_taxonomy`
--

CREATE TABLE IF NOT EXISTS `date_taxonomy` (
  `dtax_id` int(11) NOT NULL AUTO_INCREMENT,
  `transaction_id` int(11) NOT NULL,
  `date_id` int(11) NOT NULL,
  `created` timestamp NOT NULL DEFAULT CURRENT_TIMESTAMP,
  PRIMARY KEY (`dtax_id`),
  KEY `transaction_id` (`transaction_id`,`date_id`)
) ENGINE=InnoDB  DEFAULT CHARSET=latin1 AUTO_INCREMENT=204 ;

--
-- Dumping data for table `date_taxonomy`
--

INSERT INTO `date_taxonomy` (`dtax_id`, `transaction_id`, `date_id`, `created`) VALUES
(1, 3, 1, '2012-11-30 21:38:17'),
(2, 4, 1, '2012-11-30 21:38:17'),
(3, 5, 2, '2012-11-30 21:38:17'),
(4, 6, 2, '2012-11-30 21:38:17'),
(5, 7, 3, '2012-11-30 21:38:18'),
(6, 8, 3, '2012-11-30 21:38:18'),
(7, 9, 4, '2012-11-30 21:38:18'),
(8, 10, 4, '2012-11-30 21:38:18'),
(9, 11, 5, '2012-11-30 21:38:19'),
(10, 12, 5, '2012-11-30 21:38:19'),
(11, 13, 6, '2012-11-30 21:38:19'),
(12, 14, 6, '2012-11-30 21:38:20'),
(13, 15, 7, '2012-11-30 21:38:20'),
(14, 16, 7, '2012-11-30 21:38:20'),
(15, 17, 8, '2012-11-30 21:38:20'),
(16, 18, 8, '2012-11-30 21:38:21'),
(17, 19, 9, '2012-11-30 21:38:21'),
(18, 20, 9, '2012-11-30 21:38:21'),
(19, 21, 10, '2012-11-30 21:38:21'),
(20, 22, 10, '2012-11-30 21:38:22'),
(21, 23, 11, '2012-11-30 21:38:22'),
(22, 24, 11, '2012-11-30 21:38:22'),
(23, 25, 12, '2012-11-30 21:38:22'),
(24, 26, 12, '2012-11-30 21:38:23'),
(25, 27, 13, '2012-11-30 21:38:23'),
(26, 28, 13, '2012-11-30 21:38:23'),
(27, 29, 14, '2012-11-30 21:38:23'),
(28, 30, 14, '2012-11-30 21:38:24'),
(29, 31, 15, '2012-11-30 21:38:24'),
(30, 32, 15, '2012-11-30 21:38:24'),
(31, 33, 16, '2012-11-30 21:38:24'),
(32, 34, 16, '2012-11-30 21:38:25'),
(33, 35, 17, '2012-11-30 21:38:25'),
(34, 36, 17, '2012-11-30 21:38:25'),
(35, 37, 18, '2012-11-30 21:38:25'),
(36, 38, 18, '2012-11-30 21:38:26'),
(37, 39, 19, '2012-11-30 21:38:26'),
(38, 40, 19, '2012-11-30 21:38:26'),
(39, 41, 20, '2012-11-30 21:38:27'),
(40, 42, 20, '2012-11-30 21:38:27'),
(41, 43, 21, '2012-11-30 21:38:28'),
(42, 44, 21, '2012-11-30 21:38:28'),
(43, 45, 22, '2012-11-30 21:38:28'),
(44, 46, 22, '2012-11-30 21:38:28'),
(45, 47, 23, '2012-11-30 21:38:29'),
(46, 48, 23, '2012-11-30 21:38:29'),
(47, 49, 24, '2012-11-30 21:38:29'),
(48, 50, 24, '2012-11-30 21:38:30'),
(49, 51, 25, '2012-11-30 21:38:30'),
(50, 52, 25, '2012-11-30 21:38:30'),
(51, 53, 26, '2012-11-30 21:38:30'),
(52, 54, 26, '2012-11-30 21:38:31'),
(53, 55, 27, '2012-11-30 21:38:31'),
(54, 56, 27, '2012-11-30 21:38:31'),
(55, 57, 28, '2012-11-30 21:38:31'),
(56, 58, 28, '2012-11-30 21:38:32'),
(57, 59, 3, '2012-12-02 11:58:32'),
(58, 60, 3, '2012-12-02 12:00:31'),
(59, 61, 3, '2012-12-02 12:42:26'),
(60, 62, 3, '2012-12-02 12:44:27'),
(61, 63, 3, '2012-12-02 17:59:04'),
(62, 64, 3, '2012-12-02 18:12:54'),
(63, 65, 29, '2012-12-08 12:30:05'),
(64, 66, 29, '2012-12-08 12:30:05'),
(65, 67, 30, '2012-12-08 12:30:05'),
(66, 68, 30, '2012-12-08 12:30:05'),
(67, 69, 31, '2012-12-08 12:30:06'),
(68, 70, 31, '2012-12-08 12:30:06'),
(69, 71, 32, '2012-12-08 12:30:06'),
(70, 72, 32, '2012-12-08 12:30:06'),
(71, 73, 33, '2012-12-08 12:30:07'),
(72, 74, 33, '2012-12-08 12:30:07'),
(73, 75, 34, '2012-12-08 12:30:07'),
(74, 76, 34, '2012-12-08 12:30:08'),
(75, 77, 35, '2012-12-08 12:30:08'),
(76, 78, 35, '2012-12-08 12:30:08'),
(77, 79, 36, '2012-12-08 12:30:08'),
(78, 80, 36, '2012-12-08 12:30:09'),
(79, 81, 37, '2012-12-08 12:30:09'),
(80, 82, 37, '2012-12-08 12:30:09'),
(81, 83, 38, '2012-12-08 12:30:10'),
(82, 84, 38, '2012-12-08 12:30:10'),
(83, 85, 39, '2012-12-08 12:30:10'),
(84, 86, 39, '2012-12-08 12:30:10'),
(85, 87, 40, '2012-12-08 12:30:11'),
(86, 88, 40, '2012-12-08 12:30:11'),
(87, 89, 41, '2012-12-08 12:30:11'),
(88, 90, 41, '2012-12-08 12:30:11'),
(89, 91, 42, '2012-12-08 12:30:12'),
(90, 92, 42, '2012-12-08 12:30:12'),
(91, 93, 43, '2012-12-08 12:30:12'),
(92, 94, 43, '2012-12-08 12:30:12'),
(93, 95, 44, '2012-12-08 12:30:13'),
(94, 96, 44, '2012-12-08 12:30:13'),
(95, 97, 45, '2012-12-08 12:30:13'),
(96, 98, 45, '2012-12-08 12:30:13'),
(97, 99, 46, '2012-12-08 12:30:14'),
(98, 100, 46, '2012-12-08 12:30:14'),
(99, 101, 47, '2012-12-08 12:30:14'),
(100, 102, 47, '2012-12-08 12:30:14'),
(101, 103, 48, '2012-12-08 12:30:15'),
(102, 104, 48, '2012-12-08 12:30:15'),
(103, 105, 49, '2012-12-08 12:30:16'),
(104, 106, 49, '2012-12-08 12:30:16'),
(105, 107, 50, '2012-12-08 12:30:16'),
(106, 108, 50, '2012-12-08 12:30:16'),
(107, 109, 51, '2012-12-08 12:30:17'),
(108, 110, 51, '2012-12-08 12:30:17'),
(109, 111, 52, '2012-12-08 12:30:17'),
(110, 112, 52, '2012-12-08 12:30:17'),
(111, 113, 53, '2012-12-08 12:30:18'),
(112, 114, 53, '2012-12-08 12:30:18'),
(113, 115, 54, '2012-12-08 12:30:18'),
(114, 116, 54, '2012-12-08 12:30:18'),
(115, 117, 55, '2012-12-08 12:30:19'),
(116, 118, 55, '2012-12-08 12:30:19'),
(117, 119, 56, '2012-12-08 12:30:19'),
(118, 120, 56, '2012-12-08 12:30:20'),
(119, 121, 57, '2012-12-08 12:30:20'),
(120, 122, 57, '2012-12-08 12:30:20'),
(121, 123, 58, '2012-12-08 12:30:21'),
(122, 124, 58, '2012-12-08 12:30:21'),
(123, 125, 59, '2012-12-08 12:30:21'),
(124, 126, 60, '2012-12-08 12:30:21'),
(125, 127, 59, '2012-12-08 12:30:21'),
(126, 128, 60, '2012-12-08 12:30:22'),
(127, 129, 61, '2012-12-08 12:30:22'),
(128, 130, 62, '2012-12-08 12:30:22'),
(129, 131, 61, '2012-12-08 12:30:22'),
(130, 132, 62, '2012-12-08 12:30:22'),
(131, 133, 63, '2012-12-08 12:30:23'),
(132, 134, 63, '2012-12-08 12:30:23'),
(133, 135, 1, '2012-12-14 17:53:15'),
(134, 136, 64, '2012-12-28 13:56:35'),
(135, 137, 64, '2012-12-28 13:56:35'),
(136, 138, 65, '2012-12-28 13:56:35'),
(137, 139, 65, '2012-12-28 13:56:35'),
(138, 140, 66, '2012-12-28 13:56:36'),
(139, 141, 66, '2012-12-28 13:56:36'),
(140, 142, 67, '2012-12-28 13:56:36'),
(141, 143, 67, '2012-12-28 13:56:36'),
(142, 144, 68, '2012-12-28 13:56:37'),
(143, 145, 68, '2012-12-28 13:56:37'),
(144, 146, 69, '2012-12-28 13:56:37'),
(145, 147, 69, '2012-12-28 13:56:37'),
(146, 148, 70, '2012-12-28 13:56:38'),
(147, 149, 70, '2012-12-28 13:56:38'),
(148, 150, 71, '2012-12-28 13:56:38'),
(149, 151, 71, '2012-12-28 13:56:38'),
(150, 152, 72, '2012-12-28 13:56:39'),
(151, 153, 72, '2012-12-28 13:56:39'),
(152, 154, 73, '2012-12-28 13:56:39'),
(153, 155, 73, '2012-12-28 13:56:40'),
(154, 156, 74, '2012-12-28 13:56:40'),
(155, 157, 74, '2012-12-28 13:56:40'),
(156, 158, 75, '2012-12-28 13:56:40'),
(157, 159, 75, '2012-12-28 13:56:41'),
(158, 160, 76, '2012-12-28 13:56:41'),
(159, 161, 76, '2012-12-28 13:56:41'),
(160, 162, 77, '2012-12-28 13:56:41'),
(161, 163, 77, '2012-12-28 13:56:42'),
(162, 164, 78, '2012-12-28 13:56:42'),
(163, 165, 78, '2012-12-28 13:56:42'),
(164, 166, 79, '2012-12-28 13:56:43'),
(165, 167, 79, '2012-12-28 13:56:43'),
(166, 168, 80, '2012-12-28 13:56:43'),
(167, 169, 80, '2012-12-28 13:56:43'),
(168, 170, 81, '2012-12-28 13:56:44'),
(169, 171, 81, '2012-12-28 13:56:44'),
(170, 172, 82, '2012-12-28 13:56:44'),
(171, 173, 82, '2012-12-28 13:56:44'),
(172, 174, 83, '2012-12-28 13:56:45'),
(173, 175, 83, '2012-12-28 13:56:45'),
(174, 176, 84, '2012-12-28 13:56:45'),
(175, 177, 84, '2012-12-28 13:56:46'),
(176, 178, 85, '2012-12-28 13:56:46'),
(177, 179, 85, '2012-12-28 13:56:46'),
(178, 180, 86, '2012-12-28 13:56:46'),
(179, 181, 86, '2012-12-28 13:56:47'),
(180, 182, 87, '2012-12-28 13:56:47'),
(181, 183, 87, '2012-12-28 13:56:47'),
(182, 184, 88, '2012-12-28 13:56:47'),
(183, 185, 88, '2012-12-28 13:56:48'),
(184, 186, 89, '2012-12-28 13:56:48'),
(185, 187, 89, '2012-12-28 13:56:48'),
(186, 188, 90, '2012-12-28 13:56:49'),
(187, 189, 90, '2012-12-28 13:56:49'),
(188, 190, 91, '2012-12-28 13:56:49'),
(189, 191, 91, '2012-12-28 13:56:49'),
(190, 192, 92, '2012-12-28 13:56:50'),
(191, 193, 92, '2012-12-28 13:56:50'),
(192, 194, 93, '2012-12-28 13:56:50'),
(193, 195, 93, '2012-12-28 13:56:50'),
(194, 196, 94, '2012-12-28 13:56:51'),
(195, 197, 94, '2012-12-28 13:56:51'),
(196, 198, 95, '2012-12-28 13:56:51'),
(197, 199, 95, '2012-12-28 13:56:51'),
(198, 200, 96, '2012-12-28 13:56:52'),
(199, 201, 96, '2012-12-28 13:56:52'),
(200, 202, 97, '2012-12-28 13:56:52'),
(201, 203, 97, '2012-12-28 13:56:53'),
(202, 204, 98, '2012-12-28 13:56:53'),
(203, 205, 98, '2012-12-28 13:56:53');

-- --------------------------------------------------------

--
-- Table structure for table `default_taxonomy`
--

CREATE TABLE IF NOT EXISTS `default_taxonomy` (
  `dtax_id` int(11) NOT NULL AUTO_INCREMENT,
  `transaction_id` int(11) NOT NULL,
  `frequency_id` int(11) NOT NULL,
  `created` timestamp NOT NULL DEFAULT CURRENT_TIMESTAMP,
  `active` tinyint(1) NOT NULL DEFAULT '1',
  PRIMARY KEY (`dtax_id`),
  KEY `transaction_id` (`transaction_id`,`frequency_id`)
) ENGINE=InnoDB  DEFAULT CHARSET=latin1 AUTO_INCREMENT=3 ;

--
-- Dumping data for table `default_taxonomy`
--

INSERT INTO `default_taxonomy` (`dtax_id`, `transaction_id`, `frequency_id`, `created`, `active`) VALUES
(1, 1, 1, '2012-11-26 17:54:41', 1),
(2, 2, 1, '2012-11-28 15:15:24', 1);

-- --------------------------------------------------------

--
-- Table structure for table `tags`
--

CREATE TABLE IF NOT EXISTS `tags` (
  `tag_id` int(11) NOT NULL AUTO_INCREMENT,
  `tag_name` varchar(50) NOT NULL,
  `created` timestamp NOT NULL DEFAULT CURRENT_TIMESTAMP,
  PRIMARY KEY (`tag_id`)
) ENGINE=InnoDB  DEFAULT CHARSET=latin1 AUTO_INCREMENT=5 ;

--
-- Dumping data for table `tags`
--

INSERT INTO `tags` (`tag_id`, `tag_name`, `created`) VALUES
(1, 'House', '2012-11-28 15:18:31'),
(2, 'Jennie', '2012-11-28 15:18:44'),
(3, 'Luxary', '2012-11-28 15:19:26'),
(4, 'Petrol', '2012-11-28 15:20:13');

-- --------------------------------------------------------

--
-- Table structure for table `tag_taxonomy`
--

CREATE TABLE IF NOT EXISTS `tag_taxonomy` (
  `ttax_id` int(11) NOT NULL AUTO_INCREMENT,
  `transaction_id` int(11) NOT NULL,
  `tag_id` int(11) NOT NULL,
  `created` timestamp NOT NULL DEFAULT CURRENT_TIMESTAMP,
  PRIMARY KEY (`ttax_id`),
  KEY `transaction_id` (`transaction_id`,`tag_id`)
) ENGINE=InnoDB  DEFAULT CHARSET=latin1 AUTO_INCREMENT=339 ;

--
-- Dumping data for table `tag_taxonomy`
--

INSERT INTO `tag_taxonomy` (`ttax_id`, `transaction_id`, `tag_id`, `created`) VALUES
(1, 1, 1, '2012-11-28 17:32:29'),
(2, 1, 2, '2012-11-28 17:32:29'),
(3, 2, 3, '2012-11-28 17:32:29'),
(7, 5, 1, '2012-11-30 21:38:17'),
(8, 5, 2, '2012-11-30 21:38:17'),
(9, 6, 3, '2012-11-30 21:38:17'),
(10, 7, 1, '2012-11-30 21:38:18'),
(11, 7, 2, '2012-11-30 21:38:18'),
(13, 9, 1, '2012-11-30 21:38:18'),
(14, 9, 2, '2012-11-30 21:38:18'),
(15, 10, 3, '2012-11-30 21:38:18'),
(16, 11, 1, '2012-11-30 21:38:19'),
(17, 11, 2, '2012-11-30 21:38:19'),
(18, 12, 3, '2012-11-30 21:38:19'),
(19, 13, 1, '2012-11-30 21:38:19'),
(20, 13, 2, '2012-11-30 21:38:19'),
(21, 14, 3, '2012-11-30 21:38:20'),
(22, 15, 1, '2012-11-30 21:38:20'),
(23, 15, 2, '2012-11-30 21:38:20'),
(24, 16, 3, '2012-11-30 21:38:20'),
(25, 17, 1, '2012-11-30 21:38:20'),
(26, 17, 2, '2012-11-30 21:38:20'),
(27, 18, 3, '2012-11-30 21:38:21'),
(28, 19, 1, '2012-11-30 21:38:21'),
(29, 19, 2, '2012-11-30 21:38:21'),
(30, 20, 3, '2012-11-30 21:38:21'),
(31, 21, 1, '2012-11-30 21:38:21'),
(32, 21, 2, '2012-11-30 21:38:21'),
(34, 23, 1, '2012-11-30 21:38:22'),
(35, 23, 2, '2012-11-30 21:38:22'),
(36, 24, 3, '2012-11-30 21:38:22'),
(37, 25, 1, '2012-11-30 21:38:22'),
(38, 25, 2, '2012-11-30 21:38:22'),
(39, 26, 3, '2012-11-30 21:38:23'),
(40, 27, 1, '2012-11-30 21:38:23'),
(41, 27, 2, '2012-11-30 21:38:23'),
(42, 28, 3, '2012-11-30 21:38:23'),
(43, 29, 1, '2012-11-30 21:38:23'),
(44, 29, 2, '2012-11-30 21:38:23'),
(45, 30, 3, '2012-11-30 21:38:24'),
(46, 31, 1, '2012-11-30 21:38:24'),
(47, 31, 2, '2012-11-30 21:38:24'),
(48, 32, 3, '2012-11-30 21:38:24'),
(49, 33, 1, '2012-11-30 21:38:25'),
(50, 33, 2, '2012-11-30 21:38:25'),
(51, 34, 3, '2012-11-30 21:38:25'),
(52, 35, 1, '2012-11-30 21:38:25'),
(53, 35, 2, '2012-11-30 21:38:25'),
(54, 36, 3, '2012-11-30 21:38:25'),
(55, 37, 1, '2012-11-30 21:38:26'),
(56, 37, 2, '2012-11-30 21:38:26'),
(57, 38, 3, '2012-11-30 21:38:26'),
(58, 39, 1, '2012-11-30 21:38:26'),
(59, 39, 2, '2012-11-30 21:38:26'),
(60, 40, 3, '2012-11-30 21:38:26'),
(61, 41, 1, '2012-11-30 21:38:27'),
(62, 41, 2, '2012-11-30 21:38:27'),
(63, 42, 3, '2012-11-30 21:38:27'),
(64, 43, 1, '2012-11-30 21:38:28'),
(65, 43, 2, '2012-11-30 21:38:28'),
(66, 44, 3, '2012-11-30 21:38:28'),
(67, 45, 1, '2012-11-30 21:38:28'),
(68, 45, 2, '2012-11-30 21:38:28'),
(69, 46, 3, '2012-11-30 21:38:28'),
(70, 47, 1, '2012-11-30 21:38:29'),
(71, 47, 2, '2012-11-30 21:38:29'),
(72, 48, 3, '2012-11-30 21:38:29'),
(73, 49, 1, '2012-11-30 21:38:29'),
(74, 49, 2, '2012-11-30 21:38:29'),
(75, 50, 3, '2012-11-30 21:38:30'),
(76, 51, 1, '2012-11-30 21:38:30'),
(77, 51, 2, '2012-11-30 21:38:30'),
(78, 52, 3, '2012-11-30 21:38:30'),
(79, 53, 1, '2012-11-30 21:38:30'),
(80, 53, 2, '2012-11-30 21:38:30'),
(81, 54, 3, '2012-11-30 21:38:31'),
(82, 55, 1, '2012-11-30 21:38:31'),
(83, 55, 2, '2012-11-30 21:38:31'),
(84, 56, 3, '2012-11-30 21:38:31'),
(87, 58, 3, '2012-11-30 21:38:32'),
(88, 61, 1, '2012-12-02 12:42:26'),
(89, 62, 2, '2012-12-02 12:44:27'),
(90, 64, 1, '2012-12-02 18:12:54'),
(91, 64, 3, '2012-12-02 18:12:54'),
(101, 62, 3, '2012-12-05 20:25:25'),
(102, 62, 2, '2012-12-05 20:25:46'),
(103, 7, 1, '2012-12-05 21:33:42'),
(104, 7, 2, '2012-12-05 21:33:43'),
(112, 8, 3, '2012-12-05 21:43:08'),
(114, 57, 1, '2012-12-05 21:45:20'),
(115, 57, 2, '2012-12-05 21:45:20'),
(116, 22, 3, '2012-12-05 21:45:43'),
(117, 59, 4, '2012-12-05 21:46:12'),
(123, 4, 4, '2012-12-08 10:48:27'),
(124, 65, 1, '2012-12-08 12:30:05'),
(125, 65, 2, '2012-12-08 12:30:05'),
(126, 66, 3, '2012-12-08 12:30:05'),
(127, 67, 1, '2012-12-08 12:30:05'),
(128, 67, 2, '2012-12-08 12:30:05'),
(129, 68, 3, '2012-12-08 12:30:06'),
(130, 69, 1, '2012-12-08 12:30:06'),
(131, 69, 2, '2012-12-08 12:30:06'),
(132, 70, 3, '2012-12-08 12:30:06'),
(133, 71, 1, '2012-12-08 12:30:06'),
(134, 71, 2, '2012-12-08 12:30:06'),
(135, 72, 3, '2012-12-08 12:30:07'),
(136, 73, 1, '2012-12-08 12:30:07'),
(137, 73, 2, '2012-12-08 12:30:07'),
(138, 74, 3, '2012-12-08 12:30:07'),
(139, 75, 1, '2012-12-08 12:30:07'),
(140, 75, 2, '2012-12-08 12:30:07'),
(141, 76, 3, '2012-12-08 12:30:08'),
(142, 77, 1, '2012-12-08 12:30:08'),
(143, 77, 2, '2012-12-08 12:30:08'),
(144, 78, 3, '2012-12-08 12:30:08'),
(145, 79, 1, '2012-12-08 12:30:08'),
(146, 79, 2, '2012-12-08 12:30:09'),
(147, 80, 3, '2012-12-08 12:30:09'),
(148, 81, 1, '2012-12-08 12:30:09'),
(149, 81, 2, '2012-12-08 12:30:09'),
(150, 82, 3, '2012-12-08 12:30:09'),
(151, 83, 1, '2012-12-08 12:30:10'),
(152, 83, 2, '2012-12-08 12:30:10'),
(153, 84, 3, '2012-12-08 12:30:10'),
(154, 85, 1, '2012-12-08 12:30:10'),
(155, 85, 2, '2012-12-08 12:30:10'),
(156, 86, 3, '2012-12-08 12:30:10'),
(157, 87, 1, '2012-12-08 12:30:11'),
(158, 87, 2, '2012-12-08 12:30:11'),
(159, 88, 3, '2012-12-08 12:30:11'),
(160, 89, 1, '2012-12-08 12:30:11'),
(161, 89, 2, '2012-12-08 12:30:11'),
(162, 90, 3, '2012-12-08 12:30:11'),
(163, 91, 1, '2012-12-08 12:30:12'),
(164, 91, 2, '2012-12-08 12:30:12'),
(165, 92, 3, '2012-12-08 12:30:12'),
(166, 93, 1, '2012-12-08 12:30:12'),
(167, 93, 2, '2012-12-08 12:30:12'),
(168, 94, 3, '2012-12-08 12:30:12'),
(169, 95, 1, '2012-12-08 12:30:13'),
(170, 95, 2, '2012-12-08 12:30:13'),
(171, 96, 3, '2012-12-08 12:30:13'),
(172, 97, 1, '2012-12-08 12:30:13'),
(173, 97, 2, '2012-12-08 12:30:13'),
(174, 98, 3, '2012-12-08 12:30:13'),
(175, 99, 1, '2012-12-08 12:30:14'),
(176, 99, 2, '2012-12-08 12:30:14'),
(177, 100, 3, '2012-12-08 12:30:14'),
(178, 101, 1, '2012-12-08 12:30:14'),
(179, 101, 2, '2012-12-08 12:30:14'),
(180, 102, 3, '2012-12-08 12:30:15'),
(181, 103, 1, '2012-12-08 12:30:15'),
(182, 103, 2, '2012-12-08 12:30:15'),
(183, 104, 3, '2012-12-08 12:30:15'),
(184, 105, 1, '2012-12-08 12:30:16'),
(185, 105, 2, '2012-12-08 12:30:16'),
(186, 106, 3, '2012-12-08 12:30:16'),
(187, 107, 1, '2012-12-08 12:30:16'),
(188, 107, 2, '2012-12-08 12:30:16'),
(189, 108, 3, '2012-12-08 12:30:16'),
(190, 109, 1, '2012-12-08 12:30:17'),
(191, 109, 2, '2012-12-08 12:30:17'),
(192, 110, 3, '2012-12-08 12:30:17'),
(193, 111, 1, '2012-12-08 12:30:17'),
(194, 111, 2, '2012-12-08 12:30:17'),
(195, 112, 3, '2012-12-08 12:30:17'),
(196, 113, 1, '2012-12-08 12:30:18'),
(197, 113, 2, '2012-12-08 12:30:18'),
(198, 114, 3, '2012-12-08 12:30:18'),
(199, 115, 1, '2012-12-08 12:30:18'),
(200, 115, 2, '2012-12-08 12:30:18'),
(201, 116, 3, '2012-12-08 12:30:18'),
(202, 117, 1, '2012-12-08 12:30:19'),
(203, 117, 2, '2012-12-08 12:30:19'),
(204, 118, 3, '2012-12-08 12:30:19'),
(205, 119, 1, '2012-12-08 12:30:19'),
(206, 119, 2, '2012-12-08 12:30:19'),
(207, 120, 3, '2012-12-08 12:30:20'),
(208, 121, 1, '2012-12-08 12:30:20'),
(209, 121, 2, '2012-12-08 12:30:20'),
(210, 122, 3, '2012-12-08 12:30:20'),
(211, 123, 1, '2012-12-08 12:30:21'),
(212, 123, 2, '2012-12-08 12:30:21'),
(213, 124, 3, '2012-12-08 12:30:21'),
(214, 125, 1, '2012-12-08 12:30:21'),
(215, 125, 2, '2012-12-08 12:30:21'),
(216, 126, 1, '2012-12-08 12:30:21'),
(217, 126, 2, '2012-12-08 12:30:21'),
(218, 127, 3, '2012-12-08 12:30:21'),
(219, 128, 3, '2012-12-08 12:30:22'),
(220, 129, 1, '2012-12-08 12:30:22'),
(221, 129, 2, '2012-12-08 12:30:22'),
(222, 130, 1, '2012-12-08 12:30:22'),
(223, 130, 2, '2012-12-08 12:30:22'),
(224, 131, 3, '2012-12-08 12:30:22'),
(225, 132, 3, '2012-12-08 12:30:23'),
(226, 133, 1, '2012-12-08 12:30:23'),
(227, 133, 2, '2012-12-08 12:30:23'),
(228, 134, 3, '2012-12-08 12:30:23'),
(229, 135, 1, '2012-12-14 17:53:15'),
(230, 3, 1, '2012-12-22 12:14:08'),
(233, 137, 3, '2012-12-28 13:56:35'),
(234, 138, 1, '2012-12-28 13:56:35'),
(235, 138, 2, '2012-12-28 13:56:35'),
(236, 139, 3, '2012-12-28 13:56:35'),
(237, 140, 1, '2012-12-28 13:56:36'),
(238, 140, 2, '2012-12-28 13:56:36'),
(239, 141, 3, '2012-12-28 13:56:36'),
(240, 142, 1, '2012-12-28 13:56:36'),
(241, 142, 2, '2012-12-28 13:56:36'),
(242, 143, 3, '2012-12-28 13:56:36'),
(243, 144, 1, '2012-12-28 13:56:37'),
(244, 144, 2, '2012-12-28 13:56:37'),
(246, 146, 1, '2012-12-28 13:56:37'),
(247, 146, 2, '2012-12-28 13:56:37'),
(248, 147, 3, '2012-12-28 13:56:37'),
(249, 148, 1, '2012-12-28 13:56:38'),
(250, 148, 2, '2012-12-28 13:56:38'),
(251, 149, 3, '2012-12-28 13:56:38'),
(252, 150, 1, '2012-12-28 13:56:38'),
(253, 150, 2, '2012-12-28 13:56:38'),
(254, 151, 3, '2012-12-28 13:56:38'),
(255, 152, 1, '2012-12-28 13:56:39'),
(256, 152, 2, '2012-12-28 13:56:39'),
(257, 153, 3, '2012-12-28 13:56:39'),
(258, 154, 1, '2012-12-28 13:56:39'),
(259, 154, 2, '2012-12-28 13:56:39'),
(260, 155, 3, '2012-12-28 13:56:40'),
(261, 156, 1, '2012-12-28 13:56:40'),
(262, 156, 2, '2012-12-28 13:56:40'),
(263, 157, 3, '2012-12-28 13:56:40'),
(264, 158, 1, '2012-12-28 13:56:40'),
(265, 158, 2, '2012-12-28 13:56:40'),
(266, 159, 3, '2012-12-28 13:56:41'),
(267, 160, 1, '2012-12-28 13:56:41'),
(268, 160, 2, '2012-12-28 13:56:41'),
(269, 161, 3, '2012-12-28 13:56:41'),
(270, 162, 1, '2012-12-28 13:56:41'),
(271, 162, 2, '2012-12-28 13:56:42'),
(272, 163, 3, '2012-12-28 13:56:42'),
(273, 164, 1, '2012-12-28 13:56:42'),
(274, 164, 2, '2012-12-28 13:56:42'),
(275, 165, 3, '2012-12-28 13:56:42'),
(276, 166, 1, '2012-12-28 13:56:43'),
(277, 166, 2, '2012-12-28 13:56:43'),
(278, 167, 3, '2012-12-28 13:56:43'),
(279, 168, 1, '2012-12-28 13:56:43'),
(280, 168, 2, '2012-12-28 13:56:43'),
(281, 169, 3, '2012-12-28 13:56:43'),
(282, 170, 1, '2012-12-28 13:56:44'),
(283, 170, 2, '2012-12-28 13:56:44'),
(284, 171, 3, '2012-12-28 13:56:44'),
(285, 172, 1, '2012-12-28 13:56:44'),
(286, 172, 2, '2012-12-28 13:56:44'),
(287, 173, 3, '2012-12-28 13:56:44'),
(288, 174, 1, '2012-12-28 13:56:45'),
(289, 174, 2, '2012-12-28 13:56:45'),
(290, 175, 3, '2012-12-28 13:56:45'),
(291, 176, 1, '2012-12-28 13:56:45'),
(292, 176, 2, '2012-12-28 13:56:45'),
(293, 177, 3, '2012-12-28 13:56:46'),
(294, 178, 1, '2012-12-28 13:56:46'),
(295, 178, 2, '2012-12-28 13:56:46'),
(296, 179, 3, '2012-12-28 13:56:46'),
(297, 180, 1, '2012-12-28 13:56:46'),
(298, 180, 2, '2012-12-28 13:56:47'),
(299, 181, 3, '2012-12-28 13:56:47'),
(300, 182, 1, '2012-12-28 13:56:47'),
(301, 182, 2, '2012-12-28 13:56:47'),
(302, 183, 3, '2012-12-28 13:56:47'),
(303, 184, 1, '2012-12-28 13:56:48'),
(304, 184, 2, '2012-12-28 13:56:48'),
(305, 185, 3, '2012-12-28 13:56:48'),
(306, 186, 1, '2012-12-28 13:56:48'),
(307, 186, 2, '2012-12-28 13:56:48'),
(308, 187, 3, '2012-12-28 13:56:48'),
(309, 188, 1, '2012-12-28 13:56:49'),
(310, 188, 2, '2012-12-28 13:56:49'),
(311, 189, 3, '2012-12-28 13:56:49'),
(312, 190, 1, '2012-12-28 13:56:49'),
(313, 190, 2, '2012-12-28 13:56:49'),
(314, 191, 3, '2012-12-28 13:56:49'),
(315, 192, 1, '2012-12-28 13:56:50'),
(316, 192, 2, '2012-12-28 13:56:50'),
(317, 193, 3, '2012-12-28 13:56:50'),
(318, 194, 1, '2012-12-28 13:56:50'),
(319, 194, 2, '2012-12-28 13:56:50'),
(320, 195, 3, '2012-12-28 13:56:50'),
(321, 196, 1, '2012-12-28 13:56:51'),
(322, 196, 2, '2012-12-28 13:56:51'),
(323, 197, 3, '2012-12-28 13:56:51'),
(324, 198, 1, '2012-12-28 13:56:51'),
(325, 198, 2, '2012-12-28 13:56:51'),
(326, 199, 3, '2012-12-28 13:56:51'),
(327, 200, 1, '2012-12-28 13:56:52'),
(328, 200, 2, '2012-12-28 13:56:52'),
(329, 201, 3, '2012-12-28 13:56:52'),
(330, 202, 1, '2012-12-28 13:56:52'),
(331, 202, 2, '2012-12-28 13:56:52'),
(332, 203, 3, '2012-12-28 13:56:53'),
(333, 204, 1, '2012-12-28 13:56:53'),
(334, 204, 2, '2012-12-28 13:56:53'),
(335, 205, 3, '2012-12-28 13:56:53'),
(336, 136, 1, '2013-01-12 11:51:43'),
(337, 136, 2, '2013-01-12 11:51:43'),
(338, 145, 3, '2013-01-12 12:08:51');

-- --------------------------------------------------------

--
-- Table structure for table `transactions`
--

CREATE TABLE IF NOT EXISTS `transactions` (
  `id` int(255) NOT NULL AUTO_INCREMENT,
  `name` varchar(40) NOT NULL,
  `amount` float NOT NULL DEFAULT '0',
  `active` tinyint(1) NOT NULL DEFAULT '1',
  `created` timestamp NOT NULL DEFAULT CURRENT_TIMESTAMP,
  PRIMARY KEY (`id`)
) ENGINE=InnoDB  DEFAULT CHARSET=latin1 AUTO_INCREMENT=206 ;

--
-- Dumping data for table `transactions`
--

INSERT INTO `transactions` (`id`, `name`, `amount`, `active`, `created`) VALUES
(1, 'A default Transaction', 12.43, 1, '2012-11-28 15:16:03'),
(2, 'A transaction marked Default', 64.99, 1, '2012-11-28 15:16:30'),
(3, 'A default Transaction', -8.43, 1, '2012-11-30 21:38:17'),
(4, 'A transaction marked Default', 0, 1, '2012-11-30 21:38:17'),
(5, 'A default Transaction', 12.43, 1, '2012-11-30 21:38:17'),
(6, 'A transaction marked Default', -83.32, 0, '2012-11-30 21:38:17'),
(7, 'A default Transaction', -112.43, 1, '2012-11-30 21:38:18'),
(8, 'Something', -99.99, 1, '2012-11-30 21:38:18'),
(9, 'A default Transaction', 12.43, 1, '2012-11-30 21:38:18'),
(10, 'A transaction marked Default', 64.99, 1, '2012-11-30 21:38:18'),
(11, 'A default Transaction', 12.43, 1, '2012-11-30 21:38:19'),
(12, 'A transaction marked Default', 64.99, 1, '2012-11-30 21:38:19'),
(13, 'A default Transaction', 12.43, 1, '2012-11-30 21:38:19'),
(14, 'A transaction marked Default', 64.99, 1, '2012-11-30 21:38:19'),
(15, 'A default Transaction', 12.43, 1, '2012-11-30 21:38:20'),
(16, 'A transaction marked Default', 64.99, 1, '2012-11-30 21:38:20'),
(17, 'A default Transaction', 12.43, 1, '2012-11-30 21:38:20'),
(18, 'A transaction marked Default', 64.99, 1, '2012-11-30 21:38:21'),
(19, 'A default Transaction', 12.43, 1, '2012-11-30 21:38:21'),
(20, 'A transaction marked Default', 64.99, 1, '2012-11-30 21:38:21'),
(21, 'A default Transaction', 12.43, 1, '2012-11-30 21:38:21'),
(22, 'A transaction marked Default', -64.99, 1, '2012-11-30 21:38:22'),
(23, 'A default Transaction', 12.43, 1, '2012-11-30 21:38:22'),
(24, 'A transaction marked Default', 64.99, 1, '2012-11-30 21:38:22'),
(25, 'A default Transaction', 12.43, 1, '2012-11-30 21:38:22'),
(26, 'A transaction marked Default', 64.99, 1, '2012-11-30 21:38:23'),
(27, 'A default Transaction', 12.43, 1, '2012-11-30 21:38:23'),
(28, 'A transaction marked Default', 64.99, 1, '2012-11-30 21:38:23'),
(29, 'A default Transaction', 12.43, 1, '2012-11-30 21:38:23'),
(30, 'A transaction marked Default', 64.99, 1, '2012-11-30 21:38:24'),
(31, 'A default Transaction', 12.43, 1, '2012-11-30 21:38:24'),
(32, 'A transaction marked Default', 64.99, 1, '2012-11-30 21:38:24'),
(33, 'A default Transaction', 12.43, 1, '2012-11-30 21:38:24'),
(34, 'A transaction marked Default', 64.99, 1, '2012-11-30 21:38:25'),
(35, 'A default Transaction', 12.43, 1, '2012-11-30 21:38:25'),
(36, 'A transaction marked Default', 64.99, 1, '2012-11-30 21:38:25'),
(37, 'A default Transaction', 12.43, 1, '2012-11-30 21:38:25'),
(38, 'A transaction marked Default', 64.99, 1, '2012-11-30 21:38:26'),
(39, 'A default Transaction', 12.43, 1, '2012-11-30 21:38:26'),
(40, 'A transaction marked Default', 64.99, 1, '2012-11-30 21:38:26'),
(41, 'A default Transaction', 12.43, 1, '2012-11-30 21:38:27'),
(42, 'A transaction marked Default', 64.99, 1, '2012-11-30 21:38:27'),
(43, 'A default Transaction', 12.43, 1, '2012-11-30 21:38:28'),
(44, 'A transaction marked Default', 64.99, 1, '2012-11-30 21:38:28'),
(45, 'A default Transaction', 12.43, 1, '2012-11-30 21:38:28'),
(46, 'A transaction marked Default', 64.99, 1, '2012-11-30 21:38:28'),
(47, 'A default Transaction', 12.43, 1, '2012-11-30 21:38:29'),
(48, 'A transaction marked Default', 64.99, 1, '2012-11-30 21:38:29'),
(49, 'A default Transaction', 12.43, 1, '2012-11-30 21:38:29'),
(50, 'A transaction marked Default', 64.99, 1, '2012-11-30 21:38:29'),
(51, 'A default Transaction', 12.43, 1, '2012-11-30 21:38:30'),
(52, 'A transaction marked Default', 64.99, 1, '2012-11-30 21:38:30'),
(53, 'A default Transaction', 12.43, 1, '2012-11-30 21:38:30'),
(54, 'A transaction marked Default', 64.99, 1, '2012-11-30 21:38:30'),
(55, 'A default Transaction', 12.43, 1, '2012-11-30 21:38:31'),
(56, 'A transaction marked Default', 64.99, 1, '2012-11-30 21:38:31'),
(57, 'A default Transaction', -60.43, 1, '2012-11-30 21:38:31'),
(58, 'A transaction marked Default', 64.99, 1, '2012-11-30 21:38:32'),
(59, 'New Transaction', -99.99, 1, '2012-12-02 11:58:32'),
(60, 'New Transaction', 99.99, 1, '2012-12-02 12:00:31'),
(61, 'New Transaction', 54.69, 1, '2012-12-02 12:42:26'),
(62, 'Massive expense', -1000, 1, '2012-12-02 12:44:27'),
(63, 'Heater', -84.95, 1, '2012-12-02 17:59:04'),
(64, 'Speakers', -99.99, 1, '2012-12-02 18:12:54'),
(65, 'A default Transaction', 12.43, 1, '2012-12-08 12:30:05'),
(66, 'A transaction marked Default', 64.99, 1, '2012-12-08 12:30:05'),
(67, 'A default Transaction', 12.43, 1, '2012-12-08 12:30:05'),
(68, 'A transaction marked Default', 64.99, 1, '2012-12-08 12:30:05'),
(69, 'A default Transaction', 12.43, 1, '2012-12-08 12:30:06'),
(70, 'A transaction marked Default', 64.99, 1, '2012-12-08 12:30:06'),
(71, 'A default Transaction', 12.43, 1, '2012-12-08 12:30:06'),
(72, 'A transaction marked Default', 64.99, 1, '2012-12-08 12:30:06'),
(73, 'A default Transaction', 12.43, 1, '2012-12-08 12:30:07'),
(74, 'A transaction marked Default', 64.99, 1, '2012-12-08 12:30:07'),
(75, 'A default Transaction', 12.43, 1, '2012-12-08 12:30:07'),
(76, 'A transaction marked Default', 64.99, 1, '2012-12-08 12:30:08'),
(77, 'A default Transaction', 12.43, 1, '2012-12-08 12:30:08'),
(78, 'A transaction marked Default', 64.99, 1, '2012-12-08 12:30:08'),
(79, 'A default Transaction', 12.43, 1, '2012-12-08 12:30:08'),
(80, 'A transaction marked Default', 64.99, 1, '2012-12-08 12:30:09'),
(81, 'A default Transaction', 12.43, 1, '2012-12-08 12:30:09'),
(82, 'A transaction marked Default', 64.99, 1, '2012-12-08 12:30:09'),
(83, 'A default Transaction', 12.43, 1, '2012-12-08 12:30:09'),
(84, 'A transaction marked Default', 64.99, 1, '2012-12-08 12:30:10'),
(85, 'A default Transaction', 12.43, 1, '2012-12-08 12:30:10'),
(86, 'A transaction marked Default', 64.99, 1, '2012-12-08 12:30:10'),
(87, 'A default Transaction', 12.43, 1, '2012-12-08 12:30:11'),
(88, 'A transaction marked Default', 64.99, 1, '2012-12-08 12:30:11'),
(89, 'A default Transaction', 12.43, 1, '2012-12-08 12:30:11'),
(90, 'A transaction marked Default', 64.99, 1, '2012-12-08 12:30:11'),
(91, 'A default Transaction', 12.43, 1, '2012-12-08 12:30:12'),
(92, 'A transaction marked Default', 64.99, 1, '2012-12-08 12:30:12'),
(93, 'A default Transaction', 12.43, 1, '2012-12-08 12:30:12'),
(94, 'A transaction marked Default', 64.99, 1, '2012-12-08 12:30:12'),
(95, 'A default Transaction', 12.43, 1, '2012-12-08 12:30:13'),
(96, 'A transaction marked Default', 64.99, 1, '2012-12-08 12:30:13'),
(97, 'A default Transaction', 12.43, 1, '2012-12-08 12:30:13'),
(98, 'A transaction marked Default', 64.99, 1, '2012-12-08 12:30:13'),
(99, 'A default Transaction', 12.43, 1, '2012-12-08 12:30:14'),
(100, 'A transaction marked Default', 64.99, 1, '2012-12-08 12:30:14'),
(101, 'A default Transaction', 12.43, 1, '2012-12-08 12:30:14'),
(102, 'A transaction marked Default', 64.99, 1, '2012-12-08 12:30:14'),
(103, 'A default Transaction', 12.43, 1, '2012-12-08 12:30:15'),
(104, 'A transaction marked Default', 64.99, 1, '2012-12-08 12:30:15'),
(105, 'A default Transaction', 12.43, 1, '2012-12-08 12:30:16'),
(106, 'A transaction marked Default', 64.99, 1, '2012-12-08 12:30:16'),
(107, 'A default Transaction', 12.43, 1, '2012-12-08 12:30:16'),
(108, 'A transaction marked Default', 64.99, 1, '2012-12-08 12:30:16'),
(109, 'A default Transaction', 12.43, 1, '2012-12-08 12:30:17'),
(110, 'A transaction marked Default', 64.99, 1, '2012-12-08 12:30:17'),
(111, 'A default Transaction', 12.43, 1, '2012-12-08 12:30:17'),
(112, 'A transaction marked Default', 64.99, 1, '2012-12-08 12:30:17'),
(113, 'A default Transaction', 12.43, 1, '2012-12-08 12:30:18'),
(114, 'A transaction marked Default', 64.99, 1, '2012-12-08 12:30:18'),
(115, 'A default Transaction', 12.43, 1, '2012-12-08 12:30:18'),
(116, 'A transaction marked Default', 64.99, 1, '2012-12-08 12:30:18'),
(117, 'A default Transaction', 12.43, 1, '2012-12-08 12:30:19'),
(118, 'A transaction marked Default', 64.99, 1, '2012-12-08 12:30:19'),
(119, 'A default Transaction', 12.43, 1, '2012-12-08 12:30:19'),
(120, 'A transaction marked Default', 64.99, 1, '2012-12-08 12:30:20'),
(121, 'A default Transaction', 12.43, 1, '2012-12-08 12:30:20'),
(122, 'A transaction marked Default', 64.99, 1, '2012-12-08 12:30:20'),
(123, 'A default Transaction', 12.43, 1, '2012-12-08 12:30:21'),
(124, 'A transaction marked Default', 64.99, 1, '2012-12-08 12:30:21'),
(125, 'A default Transaction', 12.43, 1, '2012-12-08 12:30:21'),
(126, 'A default Transaction', 12.43, 1, '2012-12-08 12:30:21'),
(127, 'A transaction marked Default', 64.99, 1, '2012-12-08 12:30:21'),
(128, 'A transaction marked Default', 64.99, 1, '2012-12-08 12:30:22'),
(129, 'A default Transaction', 12.43, 1, '2012-12-08 12:30:22'),
(130, 'A default Transaction', 12.43, 1, '2012-12-08 12:30:22'),
(131, 'A transaction marked Default', 64.99, 1, '2012-12-08 12:30:22'),
(132, 'A transaction marked Default', 64.99, 1, '2012-12-08 12:30:22'),
(133, 'A default Transaction', 12.43, 1, '2012-12-08 12:30:23'),
(134, 'A transaction marked Default', 64.99, 1, '2012-12-08 12:30:23'),
(135, 'Electric', 20, 1, '2012-12-14 17:53:15'),
(136, 'A default Transaction', 12.43, 0, '2012-12-28 13:56:35'),
(137, 'A transaction marked Default', 64.99, 1, '2012-12-28 13:56:35'),
(138, 'A default Transaction', 12.43, 1, '2012-12-28 13:56:35'),
(139, 'A transaction marked Default', 64.99, 1, '2012-12-28 13:56:35'),
(140, 'A default Transaction', 12.43, 1, '2012-12-28 13:56:36'),
(141, 'A transaction marked Default', 64.99, 1, '2012-12-28 13:56:36'),
(142, 'A default Transaction', 12.43, 1, '2012-12-28 13:56:36'),
(143, 'A transaction marked Default', 64.99, 1, '2012-12-28 13:56:36'),
(144, 'A default Transaction', 12.43, 1, '2012-12-28 13:56:37'),
(145, 'A transaction marked Default', -64.99, 1, '2012-12-28 13:56:37'),
(146, 'A default Transaction', 12.43, 1, '2012-12-28 13:56:37'),
(147, 'A transaction marked Default', 64.99, 1, '2012-12-28 13:56:37'),
(148, 'A default Transaction', 12.43, 1, '2012-12-28 13:56:38'),
(149, 'A transaction marked Default', 64.99, 1, '2012-12-28 13:56:38'),
(150, 'A default Transaction', 12.43, 1, '2012-12-28 13:56:38'),
(151, 'A transaction marked Default', 64.99, 1, '2012-12-28 13:56:38'),
(152, 'A default Transaction', 12.43, 1, '2012-12-28 13:56:39'),
(153, 'A transaction marked Default', 64.99, 1, '2012-12-28 13:56:39'),
(154, 'A default Transaction', 12.43, 1, '2012-12-28 13:56:39'),
(155, 'A transaction marked Default', 64.99, 1, '2012-12-28 13:56:39'),
(156, 'A default Transaction', 12.43, 1, '2012-12-28 13:56:40'),
(157, 'A transaction marked Default', 64.99, 1, '2012-12-28 13:56:40'),
(158, 'A default Transaction', 12.43, 1, '2012-12-28 13:56:40'),
(159, 'A transaction marked Default', 64.99, 1, '2012-12-28 13:56:41'),
(160, 'A default Transaction', 12.43, 1, '2012-12-28 13:56:41'),
(161, 'A transaction marked Default', 64.99, 1, '2012-12-28 13:56:41'),
(162, 'A default Transaction', 12.43, 1, '2012-12-28 13:56:41'),
(163, 'A transaction marked Default', 64.99, 1, '2012-12-28 13:56:42'),
(164, 'A default Transaction', 12.43, 1, '2012-12-28 13:56:42'),
(165, 'A transaction marked Default', 64.99, 1, '2012-12-28 13:56:42'),
(166, 'A default Transaction', 12.43, 1, '2012-12-28 13:56:43'),
(167, 'A transaction marked Default', 64.99, 1, '2012-12-28 13:56:43'),
(168, 'A default Transaction', 12.43, 1, '2012-12-28 13:56:43'),
(169, 'A transaction marked Default', 64.99, 1, '2012-12-28 13:56:43'),
(170, 'A default Transaction', 12.43, 1, '2012-12-28 13:56:44'),
(171, 'A transaction marked Default', 64.99, 1, '2012-12-28 13:56:44'),
(172, 'A default Transaction', 12.43, 1, '2012-12-28 13:56:44'),
(173, 'A transaction marked Default', 64.99, 1, '2012-12-28 13:56:44'),
(174, 'A default Transaction', 12.43, 1, '2012-12-28 13:56:45'),
(175, 'A transaction marked Default', 64.99, 1, '2012-12-28 13:56:45'),
(176, 'A default Transaction', 12.43, 1, '2012-12-28 13:56:45'),
(177, 'A transaction marked Default', 64.99, 1, '2012-12-28 13:56:46'),
(178, 'A default Transaction', 12.43, 1, '2012-12-28 13:56:46'),
(179, 'A transaction marked Default', 64.99, 1, '2012-12-28 13:56:46'),
(180, 'A default Transaction', 12.43, 1, '2012-12-28 13:56:46'),
(181, 'A transaction marked Default', 64.99, 1, '2012-12-28 13:56:47'),
(182, 'A default Transaction', 12.43, 1, '2012-12-28 13:56:47'),
(183, 'A transaction marked Default', 64.99, 1, '2012-12-28 13:56:47'),
(184, 'A default Transaction', 12.43, 1, '2012-12-28 13:56:47'),
(185, 'A transaction marked Default', 64.99, 1, '2012-12-28 13:56:48'),
(186, 'A default Transaction', 12.43, 1, '2012-12-28 13:56:48'),
(187, 'A transaction marked Default', 64.99, 1, '2012-12-28 13:56:48'),
(188, 'A default Transaction', 12.43, 1, '2012-12-28 13:56:49'),
(189, 'A transaction marked Default', 64.99, 1, '2012-12-28 13:56:49'),
(190, 'A default Transaction', 12.43, 1, '2012-12-28 13:56:49'),
(191, 'A transaction marked Default', 64.99, 1, '2012-12-28 13:56:49'),
(192, 'A default Transaction', 12.43, 1, '2012-12-28 13:56:50'),
(193, 'A transaction marked Default', 64.99, 1, '2012-12-28 13:56:50'),
(194, 'A default Transaction', 12.43, 1, '2012-12-28 13:56:50'),
(195, 'A transaction marked Default', 64.99, 1, '2012-12-28 13:56:50'),
(196, 'A default Transaction', 12.43, 1, '2012-12-28 13:56:51'),
(197, 'A transaction marked Default', 64.99, 1, '2012-12-28 13:56:51'),
(198, 'A default Transaction', 12.43, 1, '2012-12-28 13:56:51'),
(199, 'A transaction marked Default', 64.99, 1, '2012-12-28 13:56:51'),
(200, 'A default Transaction', 12.43, 1, '2012-12-28 13:56:52'),
(201, 'A transaction marked Default', 64.99, 1, '2012-12-28 13:56:52'),
(202, 'A default Transaction', 12.43, 1, '2012-12-28 13:56:52'),
(203, 'A transaction marked Default', 64.99, 1, '2012-12-28 13:56:52'),
(204, 'A default Transaction', 12.43, 1, '2012-12-28 13:56:53'),
(205, 'A transaction marked Default', 64.99, 1, '2012-12-28 13:56:53');

/*!40101 SET CHARACTER_SET_CLIENT=@OLD_CHARACTER_SET_CLIENT */;
/*!40101 SET CHARACTER_SET_RESULTS=@OLD_CHARACTER_SET_RESULTS */;
/*!40101 SET COLLATION_CONNECTION=@OLD_COLLATION_CONNECTION */;
